<?xml version="1.0" encoding="UTF-8"?>
<Configuration status="warn">
    <Properties>
        <Property name="basePath">../logs</Property>
    </Properties>

    <Appenders>
        <RollingFile name="fileLogger" fileName="${basePath}/ewb-router.log" filePattern="${basePath}/ewb-router-%d{yyyy-MM-dd}.log">
            <PatternLayout>
                <pattern>[%-5level] %d{yyyy-MM-dd HH:mm:ss.SSS} [%t] %c{1} - %msg%n</pattern>
            </PatternLayout>
            <Policies>
                <TimeBasedTriggeringPolicy interval="1" modulate="true" />
            </Policies>
        </RollingFile>

        <Console name="console" target="SYSTEM_OUT">
            <PatternLayout   pattern="[%-5level] %d{yyyy-MM-dd HH:mm:ss.SSS} [%t] %c{1} - %msg%n" />
        </Console>
    </Appenders>
    <Loggers>
        <Logger name="com.citigroup" level="info" additivity="true">
            <appender-ref ref="fileLogger" level="info" />
        </Logger>
        <Root level="info">
            <appender-ref ref="console" />
            <appender-ref ref="fileLogger" level = "info" />
        </Root>
    </Loggers>
</Configuration>